split,benchmark,loop_idx,cells_measured,oracle_best,best_action,best_unmerge,best_factor,beats_noop
train,knn-cuda,4,15,0.190134,unroll_only,0,9,1
train,knn-cuda,7,14,0.198116,unroll_only,0,6,1
train,pad-cuda,0,0,0.0,noop,0,1,0
train,pad-cuda,2,0,0.0,noop,0,1,0
train,particle-diffusion-cuda,0,17,0.15,unroll_only,0,6,1
train,feynman-kac-cuda,0,13,0.15,unroll_only,0,3,1
train,ss-cuda,0,0,0.0,noop,0,1,0
train,ss-cuda,1,0,0.0,noop,0,1,0
train,ss-cuda,2,0,0.0,noop,0,1,0
train,ss-cuda,3,0,0.0,noop,0,1,0
train,scatterAdd-cuda,0,13,0.0,noop,0,1,0
train,scatterAdd-cuda,1,14,0.15,unroll_only,0,2,1
train,scatterAdd-cuda,2,13,0.15,unroll_only,0,3,1
train,scatterAdd-cuda,4,16,0.15,unroll_only,0,2,1
train,scatterAdd-cuda,7,14,0.15,unroll_only,0,5,1
train,minisweep-cuda,8,19,0.15,unroll_only,0,8,1
train,minisweep-cuda,11,18,0.15,unroll_only,0,9,1
train,minisweep-cuda,17,19,0.216477,unmerge,1,1,1
train,bh-cuda,5,13,0.35184,unroll_only,0,10,1
train,bh-cuda,9,15,0.15,unroll_only,0,10,1
train,bh-cuda,10,14,0.15,unroll_only,0,2,1
train,bh-cuda,11,16,0.15,unroll_only,0,4,1
train,bh-cuda,13,16,0.15,unroll_only,0,10,1
train,bh-cuda,14,17,0.277158,unmerge,1,3,1
train,bh-cuda,15,15,0.152464,unmerge,1,8,1
train,bh-cuda,16,16,0.15,unroll_only,0,10,1
train,bh-cuda,17,14,0.04824,unroll_only,0,4,1
train,softmax-fused-cuda,4,16,0.187267,unmerge,1,3,1
train,ldpc-cuda,0,17,0.15,unroll_only,0,9,1
train,ldpc-cuda,1,18,0.085593,unroll_only,0,7,1
train,ldpc-cuda,2,17,0.15,unroll_only,0,2,1
train,ldpc-cuda,3,16,0.052256,unroll_only,0,3,1
train,ldpc-cuda,4,16,0.0,noop,0,1,0
train,crc64-cuda,0,17,0.078017,unmerge,1,6,1
train,crc64-cuda,8,17,0.114425,unmerge,1,4,1
train,rotary-cuda,2,19,0.214611,unmerge,1,1,1
train,tsne-cuda,0,16,0.06572,unmerge,1,2,1
train,tsne-cuda,0,16,0.06572,unmerge,1,2,1
train,tsne-cuda,42,18,0.15,unroll_only,0,4,1
train,tsne-cuda,1,15,0.15,unroll_only,0,6,1
train,bwt-cuda,0,14,0.101936,unmerge,1,2,1
train,s8n-cuda,1,14,0.194146,unmerge,1,1,1
train,s8n-cuda,4,14,0.192503,unroll_only,0,9,1
train,s8n-cuda,6,10,0.176213,unroll_only,0,2,1
train,remap-cuda,0,16,0.15,unroll_only,0,9,1
train,remap-cuda,2,17,0.15,unroll_only,0,8,1
train,remap-cuda,5,18,0.15,unroll_only,0,3,1
train,remap-cuda,11,14,0.0,noop,0,1,0
train,remap-cuda,29,11,0.0,noop,0,1,0
train,remap-cuda,38,12,0.0,noop,0,1,0
train,remap-cuda,68,9,0.15,unroll_only,0,9,1
train,remap-cuda,71,14,0.15,unroll_only,0,6,1
train,remap-cuda,75,13,0.15,unroll_only,0,2,1
train,remap-cuda,76,15,0.15,unroll_only,0,9,1
train,remap-cuda,77,18,0.15,unroll_only,0,9,1
train,remap-cuda,84,16,0.15,unroll_only,0,9,1
train,remap-cuda,85,14,0.0,noop,0,1,0
train,remap-cuda,92,14,0.0,noop,0,1,0
train,remap-cuda,108,17,0.15,unroll_only,0,2,1
train,remap-cuda,129,14,0.0,noop,0,1,0
train,remap-cuda,152,12,0.15,unroll_only,0,10,1
train,remap-cuda,153,18,0.15,unroll_only,0,5,1
train,remap-cuda,159,14,0.15,unroll_only,0,7,1
train,remap-cuda,165,18,0.15,unroll_only,0,2,1
train,remap-cuda,169,18,0.15,unroll_only,0,5,1
train,remap-cuda,172,14,0.0,noop,0,1,0
train,remap-cuda,177,14,0.15,unroll_only,0,8,1
train,remap-cuda,180,10,0.15,unroll_only,0,5,1
train,remap-cuda,182,16,0.15,unroll_only,0,10,1
train,remap-cuda,183,11,0.15,unroll_only,0,6,1
train,remap-cuda,204,18,0.15,unroll_only,0,3,1
train,remap-cuda,216,12,0.15,unroll_only,0,3,1
train,remap-cuda,219,16,0.15,unroll_only,0,8,1
train,remap-cuda,233,17,0.15,unroll_only,0,2,1
train,remap-cuda,244,12,0.15,unroll_only,0,4,1
train,accuracy-cuda,0,18,0.15,unroll_only,0,7,1
train,accuracy-cuda,3,19,0.191626,unmerge,1,1,1
train,bsearch-cuda,0,13,0.182603,unroll_only,0,6,1
train,bsearch-cuda,2,15,0.183901,unroll_only,0,8,1
train,bsearch-cuda,4,16,0.208785,unroll_only,0,9,1
train,heartwall-cuda,0,0,0.0,noop,0,1,0
train,heartwall-cuda,1,0,0.0,noop,0,1,0
train,heartwall-cuda,2,0,0.0,noop,0,1,0
train,heartwall-cuda,6,0,0.0,noop,0,1,0
train,heartwall-cuda,9,0,0.0,noop,0,1,0
train,heartwall-cuda,29,0,0.0,noop,0,1,0
train,heartwall-cuda,40,0,0.0,noop,0,1,0
train,heartwall-cuda,44,0,0.0,noop,0,1,0
train,heartwall-cuda,46,0,0.0,noop,0,1,0
train,heartwall-cuda,47,0,0.0,noop,0,1,0
train,rle-cuda,17,19,0.15,unroll_only,0,8,1
train,rle-cuda,19,16,0.052155,unmerge,1,8,1
train,rle-cuda,20,19,0.15,unroll_only,0,4,1
train,easyWave-cuda,0,19,0.15,unmerge,1,5,1
train,easyWave-cuda,1,18,0.15,unmerge,1,3,1
train,easyWave-cuda,2,19,0.15,unmerge,1,2,1
train,easyWave-cuda,3,19,0.15,unmerge,1,10,1
train,lrn-cuda,6,17,0.15,unroll_only,0,6,1
train,lrn-cuda,9,19,0.190934,unmerge,1,1,1
train,scel-cuda,0,17,0.16905,unmerge,1,7,1
train,multimaterial-cuda,6,17,0.15,unmerge,1,10,1
train,multimaterial-cuda,7,15,0.0,noop,0,1,0
train,multimaterial-cuda,9,17,0.15,unmerge,1,10,1
train,addBiasResidualLayerNorm-cuda,4,19,0.15,unroll_only,0,10,1
train,addBiasResidualLayerNorm-cuda,5,18,0.15,unroll_only,0,7,1
train,addBiasResidualLayerNorm-cuda,6,19,0.15,unroll_only,0,10,1
train,chacha20-cuda,1,15,0.15,unroll_only,0,8,1
train,mask-cuda,0,18,0.183352,unmerge,1,3,1
train,mask-cuda,1,17,0.218945,unmerge,1,4,1
train,mask-cuda,2,17,0.215299,unmerge,1,7,1
train,mask-cuda,3,18,0.216261,unmerge,1,7,1
train,mask-cuda,4,18,0.191859,unmerge,1,2,1
train,mask-cuda,5,18,0.261194,unmerge,1,7,1
train,pnpoly-cuda,0,17,0.2998,unroll_only,0,9,1
train,pnpoly-cuda,1,15,0.200953,unmerge,1,9,1
train,pnpoly-cuda,2,18,0.224978,unmerge,1,7,1
train,pnpoly-cuda,4,18,0.201381,unmerge,1,10,1
train,lebesgue-cuda,0,18,0.072945,unmerge,1,7,1
train,lebesgue-cuda,2,17,0.15,unroll_only,0,8,1
train,voxelization-cuda,0,18,0.239462,unmerge,1,7,1
train,vol2col-cuda,0,13,0.271302,unroll_only,0,2,1
train,vol2col-cuda,4,11,0.308811,unmerge,1,7,1
train,vol2col-cuda,7,13,0.15,unroll_only,0,5,1
train,srad-cuda,0,12,0.15,unmerge,1,8,1
train,qrg-cuda,0,16,0.611112,unroll_only,0,5,1
train,all-pairs-distance-cuda,0,17,0.15,unroll_only,0,10,1
train,all-pairs-distance-cuda,1,17,0.332137,unroll_only,0,8,1
train,all-pairs-distance-cuda,3,18,0.315615,unroll_only,0,10,1
train,overlap-cuda,0,16,0.0,noop,0,1,0
train,hungarian-cuda,2,0,0.0,noop,0,1,0
train,hungarian-cuda,4,0,0.0,noop,0,1,0
train,hungarian-cuda,9,0,0.0,noop,0,1,0
train,ddbp-cuda,0,19,0.189229,unmerge,1,1,1
train,marchingCubes-cuda,0,19,0.15,unroll_only,0,6,1
train,marchingCubes-cuda,5,17,0.15,unroll_only,0,5,1
train,bm3d-cuda,0,0,0.0,noop,0,1,0
train,bm3d-cuda,1,0,0.0,noop,0,1,0
train,bm3d-cuda,2,0,0.0,noop,0,1,0
train,bm3d-cuda,4,0,0.0,noop,0,1,0
train,bm3d-cuda,8,0,0.0,noop,0,1,0
train,bm3d-cuda,9,0,0.0,noop,0,1,0
train,bm3d-cuda,2,0,0.0,noop,0,1,0
train,bm3d-cuda,7,0,0.0,noop,0,1,0
train,sampling-cuda,0,15,0.15,unroll_only,0,2,1
train,sampling-cuda,3,15,0.15,unroll_only,0,9,1
train,sampling-cuda,4,16,0.15,unroll_only,0,3,1
train,hmm-cuda,0,16,0.144531,unroll_only,0,3,1
train,flip-cuda,0,15,0.312872,unroll_only,0,7,1
train,langford-cuda,0,17,0.260532,unmerge,1,3,1
train,nonzero-cuda,24,19,0.15,unroll_only,0,8,1
train,nonzero-cuda,26,17,0.014251,unroll_only,0,8,1
train,nonzero-cuda,35,19,0.15,unroll_only,0,2,1
train,nonzero-cuda,37,18,0.15,unroll_only,0,3,1
train,nonzero-cuda,40,14,0.012518,unmerge,1,4,1
train,nonzero-cuda,45,13,0.0,noop,0,1,0
train,grrt-cuda,2,11,0.15,unroll_only,0,2,1
train,grrt-cuda,3,12,0.188172,unmerge,1,2,1
train,grrt-cuda,4,12,0.189356,unmerge,1,1,1
train,grrt-cuda,6,14,0.157938,unmerge,1,2,1
train,lda-cuda,4,0,0.0,noop,0,1,0
train,radixsort2-cuda,0,18,0.196327,unmerge,1,5,1
train,radixsort2-cuda,5,12,0.200696,unroll_only,0,5,1
train,radixsort2-cuda,23,16,0.199121,unroll_only,0,6,1
train,radixsort2-cuda,32,13,0.200099,unroll_only,0,3,1
train,radixsort2-cuda,63,17,0.19946,unmerge,1,3,1
train,radixsort2-cuda,64,12,0.199875,unroll_only,0,6,1
train,radixsort2-cuda,66,18,0.1929,unmerge,1,4,1
train,radixsort2-cuda,69,19,0.198721,unmerge,1,8,1
train,radixsort2-cuda,70,17,0.196983,unmerge,1,7,1
train,radixsort2-cuda,71,19,0.197308,unmerge,1,2,1
train,radixsort2-cuda,78,19,0.200436,unmerge,1,4,1
train,radixsort2-cuda,79,15,0.200515,unroll_only,0,9,1
train,radixsort2-cuda,82,16,0.19884,unroll_only,0,4,1
train,radixsort2-cuda,108,17,0.199703,unroll_only,0,7,1
train,radixsort2-cuda,125,15,0.197945,unmerge,1,10,1
train,radixsort2-cuda,126,19,0.199427,unmerge,1,9,1
train,radixsort2-cuda,132,14,0.198942,unmerge,1,9,1
train,radixsort2-cuda,138,19,0.197381,unmerge,1,8,1
train,radixsort2-cuda,142,19,0.197754,unmerge,1,9,1
train,radixsort2-cuda,145,16,0.19889,unmerge,1,6,1
train,radixsort2-cuda,150,19,0.190979,unmerge,1,1,1
train,radixsort2-cuda,153,19,0.19949,unmerge,1,5,1
train,radixsort2-cuda,155,19,0.196135,unmerge,1,2,1
train,radixsort2-cuda,156,19,0.199434,unmerge,1,1,1
train,radixsort2-cuda,167,19,0.199633,unmerge,1,4,1
train,radixsort2-cuda,195,19,0.193073,unmerge,1,1,1
train,radixsort2-cuda,243,17,0.199692,unmerge,1,5,1
train,radixsort2-cuda,262,14,0.199876,unmerge,1,2,1
train,radixsort2-cuda,263,10,0.199155,unroll_only,0,9,1
train,radixsort2-cuda,272,17,0.199269,unmerge,1,8,1
train,radixsort2-cuda,273,14,0.19525,unmerge,1,5,1
train,radixsort2-cuda,325,15,0.200529,unroll_only,0,9,1
train,radixsort2-cuda,332,15,0.201347,unmerge,1,1,1
train,radixsort2-cuda,443,15,0.198701,unmerge,1,4,1
train,quantBnB-cuda,3,16,0.233556,unroll_only,0,5,1
train,quantBnB-cuda,4,12,0.23335,unroll_only,0,5,1
train,quantBnB-cuda,5,15,0.233567,unroll_only,0,9,1
train,lci-cuda,0,19,0.15,unroll_only,0,7,1
train,bonds-cuda,3,18,0.299993,unmerge,1,3,1
train,bonds-cuda,7,12,0.15,unroll_only,0,10,1
train,bonds-cuda,8,14,0.15,unroll_only,0,6,1
train,bonds-cuda,9,17,0.437119,unmerge,1,1,1
train,memtest-cuda,0,11,0.0,noop,0,1,0
train,memtest-cuda,1,18,0.15,unmerge,1,10,1
train,memtest-cuda,2,15,0.15,unroll_only,0,5,1
train,memtest-cuda,3,19,0.15,unmerge,1,10,1
train,memtest-cuda,5,19,0.192137,unmerge,1,4,1
train,memtest-cuda,7,19,0.227546,unmerge,1,10,1
train,memtest-cuda,8,19,0.186556,unmerge,1,9,1
train,memtest-cuda,14,19,0.235416,unmerge,1,1,1
train,linearprobing-cuda,0,19,0.15,unroll_only,0,7,1
train,scatterThrust-cuda,1,19,0.15,unroll_only,0,8,1
train,compute-score-cuda,0,17,0.214123,unmerge,1,2,1
train,matrixT-cuda,1,18,0.194823,unmerge,1,2,1
train,pns-cuda,3,16,0.214108,unmerge,1,1,1
train,blockAccess-cuda,3,16,0.210844,unmerge,1,7,1
train,blockAccess-cuda,4,16,0.211481,unmerge,1,1,1
train,moe-cuda,4,14,0.282966,unroll_only,0,4,1
train,segment-reduce-cuda,14,19,0.15,unroll_only,0,3,1
train,segment-reduce-cuda,16,19,0.05294,unroll_only,0,7,1
train,segment-reduce-cuda,24,19,0.15,unroll_only,0,5,1
train,segment-reduce-cuda,38,19,0.15,unroll_only,0,2,1
train,segment-reduce-cuda,40,17,0.057535,unroll_only,0,10,1
train,segment-reduce-cuda,48,18,0.15,unroll_only,0,3,1
train,sortKV-cuda,0,19,0.15,unroll_only,0,8,1
train,sortKV-cuda,6,13,0.0,noop,0,1,0
train,sortKV-cuda,29,15,0.014192,unmerge,1,1,1
train,sortKV-cuda,38,16,0.0,noop,0,1,0
train,sortKV-cuda,68,19,0.15,unroll_only,0,2,1
train,sortKV-cuda,71,18,0.15,unroll_only,0,8,1
train,sortKV-cuda,75,18,0.15,unroll_only,0,8,1
train,sortKV-cuda,76,18,0.15,unroll_only,0,5,1
train,sortKV-cuda,77,19,0.15,unroll_only,0,8,1
train,sortKV-cuda,84,19,0.15,unroll_only,0,8,1
train,sortKV-cuda,85,14,0.011503,unroll_only,0,2,1
train,sortKV-cuda,92,15,0.013734,unmerge,1,5,1
train,sortKV-cuda,108,19,0.15,unroll_only,0,9,1
train,sortKV-cuda,129,16,0.013761,unmerge,1,4,1
train,sortKV-cuda,152,16,0.15,unroll_only,0,3,1
train,sortKV-cuda,153,18,0.15,unroll_only,0,8,1
train,sortKV-cuda,159,18,0.15,unroll_only,0,4,1
train,sortKV-cuda,165,19,0.15,unroll_only,0,3,1
train,sortKV-cuda,169,19,0.15,unroll_only,0,4,1
train,sortKV-cuda,172,14,0.011364,unroll_only,0,3,1
train,sortKV-cuda,177,19,0.15,unroll_only,0,3,1
train,sortKV-cuda,180,19,0.15,unroll_only,0,9,1
train,sortKV-cuda,182,18,0.15,unroll_only,0,3,1
train,sortKV-cuda,183,17,0.15,unroll_only,0,4,1
train,dropout-cuda,0,18,0.209614,unmerge,1,1,1
train,dropout-cuda,1,19,0.209029,unmerge,1,3,1
train,keogh-cuda,0,17,0.227222,unmerge,1,2,1
train,mr-cuda,6,19,0.15,unroll_only,0,9,1
train,mr-cuda,8,15,0.15,unroll_only,0,10,1
train,mr-cuda,9,13,0.0,noop,0,1,0
train,convolution1D-cuda,0,17,0.208406,unmerge,1,8,1
train,convolution1D-cuda,2,18,0.218545,unmerge,1,3,1
train,convolution1D-cuda,6,16,0.256267,unmerge,1,10,1
train,convolution1D-cuda,8,18,0.24764,unmerge,1,2,1
train,randomAccess-cuda,4,13,0.192587,unroll_only,0,8,1
train,randomAccess-cuda,5,14,0.192179,unroll_only,0,9,1
train,mandelbrot-cuda,0,13,0.223607,unmerge,1,1,1
train,hausdorff-cuda,1,11,0.20543,unmerge,1,3,1
train,simpleSpmv-cuda,1,15,0.0,noop,0,1,0
train,aobench-cuda,0,17,0.15,unroll_only,0,6,1
train,aobench-cuda,2,19,0.15,unroll_only,0,3,1
train,myocyte-cuda,0,14,0.0,noop,0,1,0
train,myocyte-cuda,1,14,0.0,noop,0,1,0
train,myocyte-cuda,2,13,0.0,noop,0,1,0
train,surfel-cuda,0,13,0.170502,unroll_only,0,3,1
train,surfel-cuda,2,13,0.203826,unroll_only,0,8,1
train,expdist-cuda,0,19,0.229531,unmerge,1,2,1
train,expdist-cuda,2,19,0.240431,unmerge,1,1,1
train,word2vec-cuda,3,0,0.0,noop,0,1,0
train,word2vec-cuda,10,0,0.0,noop,0,1,0
train,score-cuda,1,15,0.208337,unmerge,1,1,1
train,score-cuda,4,13,0.208482,unmerge,1,1,1
train,nqueen-cuda,0,15,0.396701,unroll_only,0,10,1
train,nqueen-cuda,1,15,0.27245,unroll_only,0,7,1
train,nqueen-cuda,4,17,0.15,unroll_only,0,2,1
train,mtf-cuda,1,0,0.0,noop,0,1,0
train,sss-cuda,0,0,0.0,noop,0,1,0
train,sss-cuda,1,0,0.0,noop,0,1,0
train,sss-cuda,2,0,0.0,noop,0,1,0
train,sss-cuda,3,0,0.0,noop,0,1,0
train,sss-cuda,4,0,0.0,noop,0,1,0
train,sss-cuda,8,0,0.0,noop,0,1,0
train,sss-cuda,12,0,0.0,noop,0,1,0
train,sss-cuda,16,0,0.0,noop,0,1,0
train,mis-cuda,0,16,0.157603,unmerge,1,5,1
train,mis-cuda,2,12,0.15,unmerge,1,6,1
train,mis-cuda,4,18,0.15,unroll_only,0,7,1
train,d3q19-bgk-cuda,3,15,0.15,unmerge,1,8,1
train,d3q19-bgk-cuda,4,17,0.15,unroll_only,0,6,1
train,quantVLLM-cuda,15,18,0.15,unroll_only,0,7,1
train,chi2-cuda,0,15,0.309083,unroll_only,0,3,1
train,chi2-cuda,1,16,0.313202,unmerge,1,1,1
train,resize-cuda,1,14,0.214736,unmerge,1,2,1
train,resize-cuda,3,14,0.213624,unmerge,1,3,1
train,resize-cuda,5,14,0.221039,unmerge,1,8,1
train,resize-cuda,9,14,0.214587,unmerge,1,7,1
train,axpby-cuda,0,18,0.17151,unmerge,1,5,1
train,axpby-cuda,2,15,0.15,unroll_only,0,2,1
train,axpby-cuda,3,19,0.15,unroll_only,0,2,1
train,axpby-cuda,5,19,0.15,unroll_only,0,6,1
train,md5hash-cuda,0,16,0.285529,unmerge,1,3,1
train,deredundancy-cuda,0,0,0.0,noop,0,1,0
train,deredundancy-cuda,1,0,0.0,noop,0,1,0
train,deredundancy-cuda,5,0,0.0,noop,0,1,0
train,deredundancy-cuda,18,0,0.0,noop,0,1,0
train,deredundancy-cuda,20,0,0.0,noop,0,1,0
train,deredundancy-cuda,21,0,0.0,noop,0,1,0
train,deredundancy-cuda,27,0,0.0,noop,0,1,0
train,deredundancy-cuda,28,0,0.0,noop,0,1,0
train,deredundancy-cuda,33,0,0.0,noop,0,1,0
train,deredundancy-cuda,34,0,0.0,noop,0,1,0
train,mergeVS-cuda,1,17,0.231774,unmerge,1,6,1
train,mergeVS-cuda,2,17,0.230212,unmerge,1,5,1
train,ssm-cuda,2,15,0.259307,unmerge,1,7,1
train,ssm-cuda,4,18,0.256349,unmerge,1,7,1
train,ssm-cuda,6,19,0.248734,unmerge,1,8,1
train,ssm-cuda,10,18,0.253097,unmerge,1,3,1
train,ssm-cuda,15,18,0.249736,unmerge,1,8,1
train,ssm-cuda,17,18,0.207731,unmerge,1,2,1
train,ssm-cuda,21,17,0.248408,unmerge,1,3,1
train,ssm-cuda,26,19,0.257286,unmerge,1,7,1
train,ssm-cuda,37,19,0.25418,unmerge,1,4,1
train,ssm-cuda,54,14,0.20381,unroll_only,0,4,1
train,ssm-cuda,65,16,0.252506,unmerge,1,1,1
train,rsbench-cuda,0,12,0.248265,unmerge,1,2,1
train,rsbench-cuda,1,14,0.205909,unroll_only,0,4,1
train,rsbench-cuda,3,14,0.253343,unmerge,1,4,1
train,rsbench-cuda,6,14,0.23565,unmerge,1,8,1
train,rsbench-cuda,10,19,0.216394,unmerge,1,5,1
train,ge-spmm-cuda,0,0,0.0,noop,0,1,0
train,ge-spmm-cuda,2,0,0.0,noop,0,1,0
train,ge-spmm-cuda,4,0,0.0,noop,0,1,0
train,ge-spmm-cuda,6,0,0.0,noop,0,1,0
train,ge-spmm-cuda,10,0,0.0,noop,0,1,0
train,ge-spmm-cuda,14,0,0.0,noop,0,1,0
train,chemv-cuda,0,14,0.272617,unroll_only,0,7,1
train,chemv-cuda,2,11,0.310913,unroll_only,0,8,1
train,sph-cuda,1,19,0.187762,unmerge,1,1,1
train,md-cuda,0,15,0.261399,unroll_only,0,6,1
train,quicksort-cuda,0,15,0.0,noop,0,1,0
train,quicksort-cuda,3,15,0.029732,unmerge,1,2,1
train,quicksort-cuda,7,13,0.0,noop,0,1,0
train,quicksort-cuda,10,15,0.0,noop,0,1,0
train,quicksort-cuda,13,16,0.0,noop,0,1,0
train,quicksort-cuda,19,15,0.0,noop,0,1,0
train,quicksort-cuda,22,15,0.15,unmerge,1,10,1
train,quicksort-cuda,26,13,0.0,noop,0,1,0
train,quicksort-cuda,29,15,0.15,unmerge,1,10,1
train,quicksort-cuda,32,12,0.0,noop,0,1,0
train,vmc-cuda,2,18,0.15,unroll_only,0,2,1
train,spm-cuda,0,11,0.15,unmerge,1,8,1
train,rsc-cuda,0,0,0.0,noop,0,1,0
train,nosync-cuda,1,0,0.0,noop,0,1,0
train,nosync-cuda,38,0,0.0,noop,0,1,0
train,nosync-cuda,39,0,0.0,noop,0,1,0
train,qtclustering-cuda,0,18,0.0,noop,0,1,0
train,qtclustering-cuda,1,14,0.0,noop,0,1,0
train,qtclustering-cuda,4,14,0.15,unmerge,1,10,1
train,qtclustering-cuda,8,16,0.042552,unmerge,1,1,1
train,qtclustering-cuda,20,12,0.0,noop,0,1,0
train,qtclustering-cuda,24,15,0.039235,unmerge,1,1,1
train,pool-cuda,0,17,0.220229,unmerge,1,2,1
train,pool-cuda,2,12,0.15,unroll_only,0,2,1
train,nlll-cuda,0,19,0.027298,unmerge,1,1,1
train,coordinates-cuda,1,16,0.15,unroll_only,0,9,1
train,merge-cuda,1,15,0.020842,unroll_only,0,10,1
train,merge-cuda,4,11,0.0,noop,0,1,0
train,rainflow-cuda,0,17,0.221605,unmerge,1,3,1
train,rainflow-cuda,1,19,0.292315,unmerge,1,2,1
train,tsa-cuda,0,19,0.15,unroll_only,0,4,1
train,tsa-cuda,12,14,0.104673,unmerge,1,7,1
train,moe-align-cuda,1,0,0.0,noop,0,1,0
train,moe-align-cuda,6,0,0.0,noop,0,1,0
train,moe-align-cuda,8,0,0.0,noop,0,1,0
train,moe-align-cuda,9,0,0.0,noop,0,1,0
train,moe-align-cuda,15,0,0.0,noop,0,1,0
train,complex-cuda,0,11,0.260864,unroll_only,0,4,1
train,lzss-cuda,1,0,0.0,noop,0,1,0
train,lzss-cuda,2,0,0.0,noop,0,1,0
train,lzss-cuda,3,0,0.0,noop,0,1,0
train,lzss-cuda,9,0,0.0,noop,0,1,0
train,lzss-cuda,24,0,0.0,noop,0,1,0
train,lzss-cuda,25,0,0.0,noop,0,1,0
train,lzss-cuda,30,0,0.0,noop,0,1,0
train,lzss-cuda,31,0,0.0,noop,0,1,0
train,ga-cuda,0,14,0.0,noop,0,1,0
train,ga-cuda,1,17,0.031994,unroll_only,0,2,1
train,mcmd-cuda,25,0,0.0,noop,0,1,0
train,mcmd-cuda,26,0,0.0,noop,0,1,0
train,mcmd-cuda,27,0,0.0,noop,0,1,0
train,mcpr-cuda,2,0,0.0,noop,0,1,0
train,mcpr-cuda,12,0,0.0,noop,0,1,0
train,particlefilter-cuda,1,19,0.15,unmerge,1,8,1
train,dslash-cuda,3,19,0.160444,unmerge,1,4,1
train,dslash-cuda,4,19,0.15,unroll_only,0,6,1
train,winograd-cuda,0,14,0.15,unmerge,1,10,1
train,winograd-cuda,8,13,0.0,noop,0,1,0
train,bezier-surface-cuda,3,14,0.448781,unmerge,1,5,1
val,geodesic-cuda,0,0,0.0,noop,0,1,0
val,bn-cuda,0,16,0.304528,unmerge,1,7,1
val,bn-cuda,1,12,0.232903,unroll_only,0,6,1
val,bn-cuda,5,14,0.23365,unroll_only,0,10,1
val,bn-cuda,15,13,0.021984,unroll_only,0,6,1
val,bn-cuda,16,11,0.015296,unroll_only,0,5,1
val,bn-cuda,19,14,0.157832,unmerge,1,1,1
val,bn-cuda,21,16,0.15,unroll_only,0,7,1
val,libor-cuda,9,13,0.208124,unmerge,1,7,1
val,libor-cuda,10,17,0.206978,unmerge,1,1,1
val,libor-cuda,15,17,0.174552,unroll_only,0,2,1
val,jaccard-cuda,5,11,0.27138,unroll_only,0,8,1
val,jaccard-cuda,6,18,0.15,unmerge,1,9,1
val,jaccard-cuda,10,12,0.249754,unroll_only,0,10,1
val,jaccard-cuda,11,16,0.15,unroll_only,0,6,1
val,mrc-cuda,0,17,0.237561,unmerge,1,2,1
val,aop-cuda,3,17,0.15,unmerge,1,6,1
val,aop-cuda,4,18,0.15,unroll_only,0,9,1
val,aop-cuda,5,17,0.15,unmerge,1,10,1
val,p4-cuda,0,19,0.15,unroll_only,0,7,1
val,depixel-cuda,0,13,0.283781,unmerge,1,2,1
val,match-cuda,1,11,0.201811,unmerge,1,5,1
val,match-cuda,6,11,0.318669,unroll_only,0,2,1
val,match-cuda,35,10,0.327794,unroll_only,0,7,1
val,match-cuda,37,11,0.332353,unroll_only,0,7,1
val,match-cuda,59,11,0.262602,unroll_only,0,4,1
val,fma-cuda,1,11,0.0,noop,0,1,0
val,fma-cuda,6,12,0.144738,unroll_only,0,10,1
val,fma-cuda,21,12,0.0,noop,0,1,0
val,segsort-cuda,1,11,0.076623,unmerge,1,2,1
val,fsm-cuda,3,18,0.304378,unmerge,1,5,1
val,fsm-cuda,4,19,0.260342,unmerge,1,8,1
val,bitpermute-cuda,0,13,0.209803,unroll_only,0,10,1
val,nbnxm-cuda,1,10,0.281254,unmerge,1,2,1
val,streamPriority-cuda,1,13,0.18438,unroll_only,0,7,1
val,unfold-cuda,0,19,0.280955,unmerge,1,7,1
val,michalewicz-cuda,0,19,0.175134,unmerge,1,1,1
val,stddev-cuda,0,14,0.284945,unmerge,1,5,1
val,ecdh-cuda,3,19,0.261109,unmerge,1,4,1
val,softmax-online-cuda,5,19,0.15,unroll_only,0,4,1
val,minibude-cuda,3,0,0.0,noop,0,1,0
val,topk-cuda,2,12,0.143696,unmerge,1,5,1
val,topk-cuda,4,17,0.15,unroll_only,0,4,1
val,topk-cuda,5,19,0.990706,unmerge,1,4,1
val,topk-cuda,6,18,0.989943,unmerge,1,4,1
val,topk-cuda,7,15,0.15,unroll_only,0,10,1
val,topk-cuda,8,13,0.15,unroll_only,0,6,1
val,topk-cuda,9,15,0.15,unroll_only,0,2,1
val,topk-cuda,24,12,0.141447,unroll_only,0,5,1
val,topk-cuda,27,18,0.15,unroll_only,0,4,1
val,topk-cuda,28,16,0.15,unroll_only,0,9,1
val,topk-cuda,29,15,0.15,unroll_only,0,10,1
val,topk-cuda,30,18,0.15,unroll_only,0,6,1
val,entropy-cuda,1,14,0.329976,unmerge,1,5,1
val,entropy-cuda,5,12,0.228123,unroll_only,0,3,1
val,adamw-cuda,0,9,0.267592,unmerge,1,6,1
val,logic-rewrite-cuda,0,0,0.0,noop,0,1,0
test,quantAQLM-cuda,1,14,0.15,unroll_only,0,2,1
test,inversek2j-cuda,2,13,0.15,unmerge,1,4,1
test,particles-cuda,0,12,0.153396,unmerge,1,7,1
test,particles-cuda,1,15,0.175228,unmerge,1,1,1
test,tsp-cuda,4,12,0.15,unroll_only,0,8,1
test,tsp-cuda,5,12,0.15,unroll_only,0,7,1
test,tsp-cuda,9,14,0.15,unroll_only,0,2,1
test,hadamard-cuda,4,17,0.243051,unmerge,1,9,1
test,spmv-cuda,0,0,0.0,noop,0,1,0
test,wlcpow-cuda,3,12,0.15,unroll_only,0,2,1
test,sc-cuda,3,0,0.0,noop,0,1,0
test,kalman-cuda,1,16,0.186588,unroll_only,0,8,1
test,kalman-cuda,18,11,0.1908,unmerge,1,2,1
test,hybridsort-cuda,1,13,0.0,noop,0,1,0
test,hybridsort-cuda,2,17,0.15,unroll_only,0,3,1
test,colorwheel-cuda,6,0,0.0,noop,0,1,0
test,atomicCAS-cuda,0,0,0.0,noop,0,1,0
test,atomicCAS-cuda,2,0,0.0,noop,0,1,0
test,attention-paged-cuda,9,0,0.0,noop,0,1,0
test,attention-paged-cuda,10,0,0.0,noop,0,1,0
test,attention-paged-cuda,14,0,0.0,noop,0,1,0
test,attention-paged-cuda,15,0,0.0,noop,0,1,0
test,attention-paged-cuda,17,0,0.0,noop,0,1,0
test,attention-paged-cuda,191,0,0.0,noop,0,1,0
test,perplexity-cuda,2,14,0.174383,unmerge,1,2,1
test,tissue-cuda,1,11,0.109451,unmerge,1,1,1
test,cm-cuda,2,0,0.0,noop,0,1,0
test,cm-cuda,4,0,0.0,noop,0,1,0
test,sort-cuda,10,16,0.283289,unmerge,1,9,1
test,sort-cuda,15,11,0.282524,unroll_only,0,3,1
test,sort-cuda,33,10,0.116135,unroll_only,0,5,1
test,sort-cuda,42,10,0.115456,unmerge,1,8,1
test,sort-cuda,73,15,0.279578,unmerge,1,3,1
test,sort-cuda,76,11,0.279777,unmerge,1,3,1
test,sort-cuda,79,15,0.282317,unmerge,1,4,1
test,sort-cuda,80,12,0.15,unroll_only,0,4,1
test,sort-cuda,81,16,0.279421,unmerge,1,1,1
test,sort-cuda,88,12,0.282745,unmerge,1,3,1
test,sort-cuda,89,9,0.282451,unmerge,1,8,1
test,sort-cuda,92,12,0.115115,unroll_only,0,7,1
test,sort-cuda,118,12,0.279926,unroll_only,0,4,1
test,sort-cuda,135,12,0.15,unroll_only,0,9,1
test,sort-cuda,136,11,0.278823,unmerge,1,8,1
test,sort-cuda,142,10,0.15,unroll_only,0,2,1
test,sort-cuda,148,14,0.15,unroll_only,0,7,1
test,sort-cuda,152,13,0.277595,unmerge,1,4,1
test,sort-cuda,155,10,0.28349,unroll_only,0,10,1
test,sort-cuda,160,16,0.15,unroll_only,0,10,1
test,sort-cuda,163,16,0.279636,unmerge,1,6,1
test,sort-cuda,165,16,0.282856,unmerge,1,9,1
test,sort-cuda,166,11,0.280726,unmerge,1,2,1
test,contract-cuda,1,10,0.088498,unroll_only,0,2,1
test,contract-cuda,5,11,0.253531,unroll_only,0,2,1
test,contract-cuda,18,10,0.26395,unroll_only,0,7,1
test,contract-cuda,23,10,0.27764,unroll_only,0,5,1
test,contract-cuda,28,12,0.296845,unroll_only,0,5,1
test,contract-cuda,35,8,0.277012,unroll_only,0,8,1
test,diamond-cuda,0,0,0.0,noop,0,1,0
test,diamond-cuda,3,0,0.0,noop,0,1,0
test,diamond-cuda,7,0,0.0,noop,0,1,0
test,is-cuda,0,12,0.8298,unmerge,1,2,1
test,is-cuda,8,11,0.15,unmerge,1,8,1
test,kurtosis-cuda,10,16,0.15,unroll_only,0,4,1
test,log2-cuda,0,12,0.147459,unroll_only,0,2,1
test,log2-cuda,1,10,0.179932,unroll_only,0,7,1
test,asmooth-cuda,0,0,0.0,noop,0,1,0
test,asmooth-cuda,2,0,0.0,noop,0,1,0
test,asmooth-cuda,3,0,0.0,noop,0,1,0
test,asmooth-cuda,5,0,0.0,noop,0,1,0
test,convolutionSeparable-cuda,1,11,0.179013,unroll_only,0,9,1
test,convolutionSeparable-cuda,2,12,0.175127,unmerge,1,9,1
test,convolutionSeparable-cuda,6,13,0.230456,unmerge,1,10,1
test,convolutionSeparable-cuda,7,14,0.23413,unmerge,1,7,1
test,zoom-cuda,0,11,0.184383,unmerge,1,10,1
